{"version":18,"hash":{"type":"Buffer","data":"hEU1u5EsegA2ELADiB9+1nSSQct3fjAMClC3tO7D9HWEFD1fw5tw/o42WAigYUzIJt0NjYynOpUZlGSpnh+YGBAVFAQUpIV7AFzkyhcN+rYWMPShCSIkhrRUDZ3OUAHNvdLY4HJCYWQ1hiB5q860GOAbU1RrxYyEORbeWiJYNr8="},"indexValueMap":{"VhcSlQh2E+bxSt69REYGf/dWEkZzNQKqndARRMIB2e4=":{"valueMac":{"type":"Buffer","data":"Gdbx7W16DXDNIMCJtde6MtDBVPdJpBDs7pHul+nG0eA="}},"M06FD7wh6RqcVrMyQQl6m28+Q2aj7v9nD2eYDvT9iOI=":{"valueMac":{"type":"Buffer","data":"gx3hRGWzp+XQ9Rsc5nJ7r/lBY+Ljdi68/Hr5l8GyJac="}}}}