{"version":18,"hash":{"type":"Buffer","data":"7ayXkyxJDVJ8LcoqRW3Pl9E9LEc1CbAFiJzz/6JmUvrzEYdKD3MeWxOCa/4kPT/2JQrUOKNy6jELEn39nfkGIUI+3/uMsyu5hAlONP+o9NbqNB5lSZbhmE5zcSzx0bu/M4MYrOebIf0TLC1fqkABikxoipujC1desPvuMOLTmBs="},"indexValueMap":{"Au0FkenHkrktcVJ1W+QuJbSLUrasfkuJk5ZrWJXG6uo=":{"valueMac":{"type":"Buffer","data":"7pUNUMtUJUIsTn1dliuu3CP2Kc53NV0dDmVYUGf3Glc="}},"ByDtODVf0g6WdQoyIpt8xQNrxvKThKn3YL1BSrx7bR0=":{"valueMac":{"type":"Buffer","data":"lY2/v1jOmoc4A6V8r0cLbfQeVoJGJcm5aNGlDswUq5U="}},"GGC1S2K1pE/YjlvEXJSsW+LQ5co/KOipwr3l+KBHtuQ=":{"valueMac":{"type":"Buffer","data":"vLi1FeiTEnzH6WGJWZ7kKFsJiCW9HV6DlMM9DzRQjD8="}},"OUjnNjz4QEKVD1Xgh29NQ6dkVd8NUiOmOBDuboulmxQ=":{"valueMac":{"type":"Buffer","data":"vD9hlt5sk+KHDN6AimA/ogFnmUEJw2nnj4XI84X2kBM="}},"eHzsSSs1hHriAavWrALs13J6c3KE+40kbJcHKx/EynA=":{"valueMac":{"type":"Buffer","data":"0+yDozleq4wk+9HECkWCCMb+XIDmmKUf3khsQTk8UzY="}},"mh6vb9JJk217vCOFv+H2Hd6ctf1pULnjlUAmsxJJwNU=":{"valueMac":{"type":"Buffer","data":"NiD8swrzC3V0qJuaSDNlNQic1Z4wFmQG/CYueRIWq2Q="}},"rSqNv77gGIertCskRvftoxXzkow38jNWKrUcvYcf438=":{"valueMac":{"type":"Buffer","data":"+8WibPdQDkOKxMJxMA/nbzpbFXfKtcRDu7MwXoHAnY4="}},"zKLjcRjfH4F4qFMVXKsaCJhvyMoO7Lykwr6ta++z3GI=":{"valueMac":{"type":"Buffer","data":"Pufpk1NR/qvcW86K+0M/zZVibr8ZRqZhJ/vqdNSfvps="}},"E5iCPImWUTH9guRbxbUV09HCYmyefkpxtwfkJt+Y4/8=":{"valueMac":{"type":"Buffer","data":"xuB5xLYTzZX6RTnwM5NDj8wJEQsIQ9BPaoRIFHXfNm0="}},"gA7q9QTXbNN5EHb6Zh9Xz4iT7ApmauWk+CGOsyoHw7U=":{"valueMac":{"type":"Buffer","data":"OIPuerDfa7lZu3T9xYT26MxFehS/PRwoQSxcVFTFYRk="}}}}