{"version":31,"hash":{"type":"Buffer","data":"PC5jJ6W5eLH4wD7XQ2YVSKNsUx/dQVJDDmQoyxdPeTr+eRa2YpebMoOPSTPNLFc4h/E2kSSTBnQm534J0z+AvgU4To6q0YSVaK6iM41XYpwF9o1FJDFkOVwrK6/Z6wLjS2aBhXUgjbhob2w2U4bkaU5JTB7hg7nGo8PHlUNn8z0="},"indexValueMap":{"HJZC+yEIqsbIjoLrMPeNswQS+xjOagq88pYqJxeTLXI=":{"valueMac":{"type":"Buffer","data":"A0eYok2CD49l7HCeDHELiSuRumTmW4ynEyQmsZsNzWA="}},"JSKQKL0y43QTtsOCCKzvf1SY3c7s/IKBLr+vG0qpEHc=":{"valueMac":{"type":"Buffer","data":"8hVVBqRbEbO6/CYEmrvZcMApyH1v3UjiMHNGE+9TyS4="}},"RnjIRm35Uuy8oodS/jC3aq84l1ZTWjlZJOpQyUlBk3w=":{"valueMac":{"type":"Buffer","data":"0oWX2txBS1kfyYFjHj9rbk1Cs7FcVkbsWwBh7/9U0CI="}},"cVvxDEgxk2ohWsKK7rWnyQcsDAVGb4ZxXMYksacolRA=":{"valueMac":{"type":"Buffer","data":"4UabklP8R2whAmbXVntqbXp64o9ikdxvhIgT9wFKhKw="}},"tWEENyLXN7mxKMyT/vp2mQ7JJNAZCEJ6H+AOxCvfFdg=":{"valueMac":{"type":"Buffer","data":"gWeIXUtPJ1T3tRdlZKI/W1QdZFsqIj61Dv6ODEvwZUk="}},"uqG/tq7l3CB4p9rmL87D/6WrUT93Ep8Dj2Gw4NfJkbQ=":{"valueMac":{"type":"Buffer","data":"HLXsfcLXFQ3wXBMq52yVYB9MXuC15PCLBOy37+aqN+c="}},"y0Pq8dYITzNiORrtW1hmkOPYfnNUGFlHonIsJgj7d00=":{"valueMac":{"type":"Buffer","data":"ZXf9knDbmp6d8J6n08hNF0UocMgUYTR4U1vqQTmhvWg="}},"0ua8RdGh+AgcQFTBQjIjLax7qM1VbAsUGp2rgyGcYFw=":{"valueMac":{"type":"Buffer","data":"zPI+D3+Fjcqo+v3bUTPFtzLcb/VfiDdbIR00eLWWFZg="}},"1GfSekqROQ7AcTju9jPqYeBjIVUOT0U+mhtYDQzvzns=":{"valueMac":{"type":"Buffer","data":"1CcHApQf+bINHMDNtjxF0QMKrrf+DaY7OlRrHQHAlnw="}},"62W1HEShLCC0zckQ89T3GWMCejDBUp0uymfotoxafFs=":{"valueMac":{"type":"Buffer","data":"iIZ0h93KYsQzs9Sf2Pd1EjVZqyQIijGedKcwHeqmJHU="}},"7vjUK/uJzd1hDPMG2L1MgXGzrihjtzrk5xHPFuHW9yM=":{"valueMac":{"type":"Buffer","data":"JDNrjY81OapkWAc67ASGg63FTLb03gmRWUgAB3uMeoY="}}}}