{"version":27,"hash":{"type":"Buffer","data":"S5tyzYYNvOweIkGtlW8JEg+EqD12p6E4ssDqoFUXQvIE8w8sFdA6b4wh2BHXbhYdU0Rqwje0UYUOwNiV0vt9Rw+8SYBTseuqYoy9H+o8+/d1IpJYunmoX7GmDxRwBYCTDFfTOCfFi1ljxKrx8yZZjoNlT1qh4t9PTaeefHbX3os="},"indexValueMap":{"ERTsqMa1Zh5O7jBAOx2jsun+Pc7PIxtP+lmDW5Ff9+0=":{"valueMac":{"type":"Buffer","data":"8atbcdeQz0sdb0P5X1Hvx/AZXP5nV1WQhUBVAfiuRPE="}},"PmtmmH4rPGM6Qtof//tRoKvuCpxYEn3BuJjvmVmy9E8=":{"valueMac":{"type":"Buffer","data":"YA3jQ7uDxaiCirf3YN9ZHVRljJMWSFvSYTAdM9AMArE="}},"jLXkbiCoMuAGbMHnDUaME/0ZvBaS4J3oDqhg0Noydxk=":{"valueMac":{"type":"Buffer","data":"bJPr6NAfw+XkjaxazOKbF0CDnlvLA2vunS/Aw5rUNHo="}},"rcCe65qxtMHCDucZ4EC+/veaFlFTolGO1ZpN3tWrW2I=":{"valueMac":{"type":"Buffer","data":"eSgXmtjOL0Ya0ilKACc5h97axUHt0K/cMLVS7as3LUg="}},"s3FTvjllxd2LWy2/WDXdAnA5OjJH3638qY+KfxntEwU=":{"valueMac":{"type":"Buffer","data":"hV+UqNIsMWYgAfYX2+JRLqgm3Zau9BaUGU+MM25rOXY="}},"w/tQ46l5BcfR6pA2FXHH2+LIpDoxJOiWi1J3HkABnEQ=":{"valueMac":{"type":"Buffer","data":"MvvZJVhAnfcywYK9ZWYxEyIk2doV6c6X1aWC+81uPtM="}},"0mKZF3Qxn+UvGTU6aftpuLpZghs0Y1du2XjS470/p3s=":{"valueMac":{"type":"Buffer","data":"Zg0nX36Jj1g+nq15CGcqs0216e8jzpl0tv6niAF0Trk="}},"3cZK6BnvQCYx5Qg0cHBUccXABePe2xeIz0WDGIVOsTw=":{"valueMac":{"type":"Buffer","data":"09XEKhCcP7dRcLf9zwhs0QVUGwQf2FRxwlB/rC7j+YY="}}}}