{"noiseKey":{"private":{"type":"Buffer","data":"yFSBGO7RHbrNQsld21ZWPg94nQTWOSbQIs2CSloVKUY="},"public":{"type":"Buffer","data":"iqUfEnh2Dk7wZCG/CT13llRLn+W9kKH5dyTGIVQHiWo="}},"signedIdentityKey":{"private":{"type":"Buffer","data":"0I9VZamsy86kZS0SJRJ0MyHp+6siWLs4M2hSVMZ0TlU="},"public":{"type":"Buffer","data":"HrLjoi62OOZZX9nmeE2JJIx/lGU1VaMmBVTXCpnoD24="}},"signedPreKey":{"keyPair":{"private":{"type":"Buffer","data":"mPBROGzkIP532/xo99W+gCnTXwn7ii4jimxCR/DrOWM="},"public":{"type":"Buffer","data":"1PzbMcLdu07HtuNnfNH9LaM3pch8g5uNpkBWlgF/bSQ="}},"signature":{"type":"Buffer","data":"avzSL8SHSZLwWiSm3/gy5I1TYaROZcbS6ddyrmv1zPosWM2Cir10pTx7P4Vq48YLpsrfF+og5xTtScOKZw8FgA=="},"keyId":1},"registrationId":77,"advSecretKey":"zOz3IAXzb2xFkmLoJ1DhbCGrxl1vqsvAo7++R0cdiRI=","processedHistoryMessages":[{"key":{"remoteJid":"62815176210885@s.whatsapp.net","fromMe":true,"id":"1989FF57E347554966D91FD6ABCA78AB"},"messageTimestamp":1665059982},{"key":{"remoteJid":"62815176210885@s.whatsapp.net","fromMe":true,"id":"71C5E542515A8FEFC259809613F7C246"},"messageTimestamp":1665059982},{"key":{"remoteJid":"62815176210885@s.whatsapp.net","fromMe":true,"id":"9CDDD6AC500F15AF129EC33FE6D7799E"},"messageTimestamp":1665059984}],"nextPreKeyId":31,"firstUnuploadedPreKeyId":31,"accountSyncCounter":1,"accountSettings":{"unarchiveChats":false},"account":{"details":"CM68n7QGEImZ+5kGGAY=","accountSignatureKey":"koa4YRwcwbAXqXKUADjyNt2hD9sBLdfa7Bc9HufuvBM=","accountSignature":"nyluZOPmPNXvlV0aHli0BArsVhgcHNx1kn8uyo1UhToxVFWp9r1B4IuafRftolz5fK9cQeNWbpAuueL1uoHXBQ==","deviceSignature":"pzOwaHkEFlzTOpse6frHrt6pXi0MXOVOGVX75iIMZnAOkGbI00PvNGsxNt0pn3VYy99vGkRsZt3BMiE7VVi6gQ=="},"me":{"id":"62815176210885:21@s.whatsapp.net","name":"Angel","jid":"62815176210885@s.whatsapp.net"},"signalIdentities":[{"identifier":{"name":"62815176210885:21@s.whatsapp.net","deviceId":0},"identifierKey":{"type":"Buffer","data":"BZKGuGEcHMGwF6lylAA48jbdoQ/bAS3X2uwXPR7n7rwT"}}],"platform":"android","lastAccountSyncTimestamp":1665059981,"myAppStateKeyId":"AAAAALvL"}