{"_sessions":{"BX7Xjl9cUkbB7aVMon4MZHsKX5Srs9HZTXBSP+2HlTBz":{"registrationId":2090447472,"currentRatchet":{"ephemeralKeyPair":{"pubKey":"BZ4ZgLdtoewLmckcCieWFc7OAOuZpLVxOo/wkXqhFG9W","privKey":"EGNyj8MB+0LQDamBfyIQcosoyxqnFcMmc1BNEXXGdmY="},"lastRemoteEphemeralKey":"Bfk1lsjlnUgXndWTfKE4jmxTyqjUzwWNXr+ga9E/lydN","previousCounter":0,"rootKey":"lzUWXZgcFvuLQSCzpAYt9xZPI08rbAh/sLZRXyegffk="},"indexInfo":{"baseKey":"BX7Xjl9cUkbB7aVMon4MZHsKX5Srs9HZTXBSP+2HlTBz","baseKeyType":2,"closed":-1,"used":1665059981347,"created":1665059981347,"remoteIdentityKey":"BZKGuGEcHMGwF6lylAA48jbdoQ/bAS3X2uwXPR7n7rwT"},"_chains":{"Bfk1lsjlnUgXndWTfKE4jmxTyqjUzwWNXr+ga9E/lydN":{"chainKey":{"counter":9,"key":"4/tlo+LzrM6vqbWS14CO1nA/0e83BHLbhMaSp3X7cgE="},"chainType":2,"messageKeys":{}},"BZ4ZgLdtoewLmckcCieWFc7OAOuZpLVxOo/wkXqhFG9W":{"chainKey":{"counter":-1,"key":"KoVqek/EXZlV8GGOuWeMYhSujpU2aXThV9hJL6B/RVs="},"chainType":1,"messageKeys":{}}}}},"version":"v1"}