{"_sessions":{"BVLLMZEGOeuDndOaZlxwOg1OMjpQWZVjt5Aqkfe9CPEf":{"registrationId":1383450282,"currentRatchet":{"ephemeralKeyPair":{"pubKey":"BRR/X2S1gWvm3eIbeqSZPKkowlRtEbRiWBEo4/TH+jVc","privKey":"MIVjIJawTWpx7Mv9XSowso50zjLEcSVL9N1gZmlD/1k="},"lastRemoteEphemeralKey":"BV8/oc/QdR7QH6GXv3Dl6E5Mk2sIllzEDsP/9LJ354o/","previousCounter":0,"rootKey":"2I2ISY9sFZcwD86FtICcGiicmwlFlamTaTDpoDcIOlQ="},"indexInfo":{"baseKey":"BVLLMZEGOeuDndOaZlxwOg1OMjpQWZVjt5Aqkfe9CPEf","baseKeyType":2,"closed":-1,"used":1665060013696,"created":1665060013696,"remoteIdentityKey":"Bc9C1g5Q/Z9c/eSlHSxPzCF01fJ+TvdCu9+ZvxrlSnhL"},"_chains":{"BV8/oc/QdR7QH6GXv3Dl6E5Mk2sIllzEDsP/9LJ354o/":{"chainKey":{"counter":4,"key":"QSmvOb2JZm6T8YgsqtZRuITUwC8Fzt8jeiWLRqYjyME="},"chainType":2,"messageKeys":{}},"BRR/X2S1gWvm3eIbeqSZPKkowlRtEbRiWBEo4/TH+jVc":{"chainKey":{"counter":-1,"key":"tQIUQLGr4OLKQoTXZE1qI4Kzqbj2HztSRxqpAsU6XM8="},"chainType":1,"messageKeys":{}}}}},"version":"v1"}