{
  "antiporn": {
    "120363040412110654@g.us": {
      "id": "120363040412110654@g.us",
      "sensitivity": ""
    },
    "120363019714463021@g.us": {
      "id": "120363019714463021@g.us",
      "sensitivity": ""
    },
    "120363042611352354@g.us": {
      "id": "120363042611352354@g.us",
      "sensitivity": ""
    },
    "120363043407442627@g.us": {
      "id": "120363043407442627@g.us",
      "sensitivity": ""
    },
    "120363039871244975@g.us": {
      "id": "120363039871244975@g.us",
      "sensitivity": ""
    },
    "120363043098525671@g.us": {
      "id": "120363043098525671@g.us",
      "sensitivity": ""
    },
    "120363044804649440@g.us": {
      "id": "120363044804649440@g.us",
      "sensitivity": ""
    },
    "120363044125988004@g.us": {
      "id": "120363044125988004@g.us",
      "sensitivity": ""
    },
    "120363043681597923@g.us": {
      "id": "120363043681597923@g.us",
      "sensitivity": ""
    },
    "120363044634626733@g.us": {
      "id": "120363044634626733@g.us",
      "sensitivity": ""
    },
    "120363042211899675@g.us": {
      "id": "120363042211899675@g.us",
      "sensitivity": ""
    },
    "120363025359641168@g.us": {
      "id": "120363025359641168@g.us",
      "sensitivity": ""
    }
  },
  "antilink": [
    "120363042211899675@g.us",
    "120363043681597923@g.us",
    "120363042611352354@g.us",
    "120363045967262630@g.us",
    "120363039871244975@g.us",
    "120363043098525671@g.us",
    "120363043104144639@g.us",
    "120363026577252251@g.us",
    "120363044804649440@g.us",
    "120363044240626573@g.us",
    "120363041445684225@g.us",
    "120363044125988004@g.us",
    "120363042368900966@g.us",
    "120363022351425640@g.us",
    "120363044634626733@g.us",
    "120363025301070542@g.us"
  ],
  "antidelete": [
    "120363044804649440@g.us"
  ],
  "welcome": {
    "120363042211899675@g.us": {
      "id": "120363042211899675@g.us",
      "status": true,
      "welcome": ""
    },
    "120363043643756305@g.us": {
      "id": "120363043643756305@g.us",
      "status": true,
      "welcome": ""
    },
    "120363040126747003@g.us": {
      "id": "120363040126747003@g.us",
      "status": true,
      "welcome": ""
    },
    "120363042611352354@g.us": {
      "id": "120363042611352354@g.us",
      "status": true,
      "welcome": ""
    },
    "120363043407442627@g.us": {
      "id": "120363043407442627@g.us",
      "status": true,
      "welcome": ""
    },
    "120363045967262630@g.us": {
      "id": "120363045967262630@g.us",
      "status": true,
      "welcome": ""
    },
    "120363039871244975@g.us": {
      "id": "120363039871244975@g.us",
      "status": true,
      "welcome": ""
    },
    "120363043098525671@g.us": {
      "id": "120363043098525671@g.us",
      "status": true,
      "welcome": ""
    },
    "120363043104144639@g.us": {
      "id": "120363043104144639@g.us",
      "status": true,
      "welcome": ""
    },
    "120363026577252251@g.us": {
      "id": "120363026577252251@g.us",
      "status": true,
      "welcome": ""
    },
    "120363044804649440@g.us": {
      "id": "120363044804649440@g.us",
      "status": true,
      "welcome": ""
    },
    "120363043546890490@g.us": {
      "id": "120363043546890490@g.us",
      "status": false,
      "welcome": ""
    },
    "120363044125988004@g.us": {
      "id": "120363044125988004@g.us",
      "status": true,
      "welcome": ""
    },
    "120363024920013325@g.us": {
      "id": "120363024920013325@g.us",
      "status": true,
      "welcome": ""
    },
    "120363044634626733@g.us": {
      "id": "120363044634626733@g.us",
      "status": true,
      "welcome": ""
    },
    "120363025359641168@g.us": {
      "id": "120363025359641168@g.us",
      "status": true,
      "welcome": ""
    },
    "120363023232458015@g.us": {
      "id": "120363023232458015@g.us",
      "status": true,
      "welcome": ""
    },
    "120363045301146162@g.us": {
      "id": "120363045301146162@g.us",
      "status": true,
      "welcome": ""
    },
    "120363025301070542@g.us": {
      "id": "120363025301070542@g.us",
      "status": true,
      "welcome": ""
    }
  },
  "left": {
    "120363040126747003@g.us": {
      "id": "120363040126747003@g.us",
      "status": true,
      "left": ""
    },
    "120363043098525671@g.us": {
      "id": "120363043098525671@g.us",
      "status": true,
      "left": ""
    },
    "120363043104144639@g.us": {
      "id": "120363043104144639@g.us",
      "status": true,
      "left": ""
    },
    "120363026577252251@g.us": {
      "id": "120363026577252251@g.us",
      "status": true,
      "left": ""
    },
    "120363044804649440@g.us": {
      "id": "120363044804649440@g.us",
      "status": true,
      "left": ""
    },
    "120363043546890490@g.us": {
      "id": "120363043546890490@g.us",
      "status": true,
      "left": ""
    },
    "120363044125988004@g.us": {
      "id": "120363044125988004@g.us",
      "status": true,
      "left": ""
    },
    "120363025359641168@g.us": {
      "id": "120363025359641168@g.us",
      "status": true,
      "left": ""
    }
  },
  "mute": [
    "120363045967262630@g.us",
    "120363022421534140@g.us"
  ],
  "menfes": {
    "6289506883380@s.whatsapp.net": {
      "id": "6289506883380@s.whatsapp.net",
      "to": "@s.whatsapp.net",
      "chatting": false
    },
    "6281990498472@s.whatsapp.net": {
      "id": "6281990498472@s.whatsapp.net",
      "to": "628990888883@s.whatsapp.net",
      "chatting": false
    }
  }
}